{
  "MACD 골든크로스": 1.1479999999999997,
  "MACD 반등": 0.8920000000000001,
  "MACD 상승": 0.7,
  "MACD 데드크로스": 1.14,
  "MACD 하락전환": 1,
  "MACD 하락": 1.0199999999999998,
  "RSI 과매도": 0.792,
  "RSI 과매수": 1.5,
  "BB 하단 지지": 0.6,
  "BB 상단 돌파": 1.2279999999999998,
  "Stoch 과매도 골든크로스": 1.3488,
  "Stoch 과매도": 0.808,
  "Stoch 과매수 데드크로스": 1.45,
  "Stoch 과매수": 1.3848000000000003,
  "Williams %R 과매도": 0.8304,
  "Williams %R 과매수": 1.1696,
  "EMA 20/50 골든크로스": 1.2,
  "EMA 상승배열": 0.8728000000000001,
  "EMA 20/50 데드크로스": 1.06,
  "EMA 하락배열": 1.0392,
  "거래량 급증": 1.016,
  "쌍봉 패턴": 1.0992,
  "하락깃발 패턴": 0.9815999999999999,
  "역삼중바닥 패턴": 1.0456000000000003,
  "상승깃발 패턴": 1.06,
  "상승삼각형 패턴": 1,
  "박스권 돌파 패턴": 1.1,
  "캔들 강세형": 0.9400000000000001,
  "캔들 약세형": 1
}