{
  "MACD 골든크로스": 1.4,
  "MACD 반등": 1,
  "MACD 상승": 0.7,
  "MACD 데드크로스": 1.14,
  "MACD 하락전환": 1,
  "MACD 하락": 1.0999999999999999,
  "RSI 과매도": 0.7400000000000001,
  "RSI 과매수": 1.5,
  "BB 하단 지지": 0.6,
  "BB 상단 돌파": 1.45,
  "Stoch 과매도 골든크로스": 1.3359999999999999,
  "Stoch 과매도": 0.86,
  "Stoch 과매수 데드크로스": 1.45,
  "Stoch 과매수": 1.32,
  "Williams %R 과매도": 0.788,
  "Williams %R 과매수": 1.14,
  "EMA 20/50 골든크로스": 1.2,
  "EMA 상승배열": 0.97,
  "EMA 20/50 데드크로스": 1.06,
  "EMA 하락배열": 1.1239999999999999,
  "거래량 급증": 1.08,
  "쌍봉 패턴": 1.184,
  "하락깃발 패턴": 1.0519999999999998,
  "역삼중바닥 패턴": 0.9320000000000002,
  "상승깃발 패턴": 1.06,
  "상승삼각형 패턴": 1
}